A_AuctionDate,A_SecurityTermWeekYear,A_SecurityTermDayMonth,A_SecurityType,A_CUSIP,A_AnnouncementDate,A_IssueDate,A_MaturityDate,A_OfferingAmount,A_CompetitiveTenderAccepted,A_NonCompetitiveTenderAccepted,A_TreasuryDirectTenderAccepted,A_AllTenderAccepted,A_TypeOfAuction,A_CompetitiveClosingTime,A_NonCompetitiveClosingTime,A_NetLongPositionReport,A_MaxAward,A_MaxSingleBid,A_CompetitiveBidDecimals,A_CompetitiveBidIncrement,A_AllocationPercentageDecimals,A_MinBidAmount,A_MultiplesToBid,A_MinToIssue,A_MultiplesToIssue,A_MatureSecurityAmount,A_CurrentlyOutstanding,A_SOMAIncluded,A_SOMAHoldings,A_FIMAIncluded,A_Series,A_InterestRate,A_FirstInterestPaymentDate,A_StandardInterestPayment,A_FrequencyInterestPayment,A_StrippableIndicator,A_MinStripAmount,A_CorpusCUSIP,A_TINTCUSIP1,A_TINTCUSIP2,A_ReOpeningIndicator,A_OriginalIssueDate,A_BackDated,A_BackDatedDate,A_LongShortNormalCoupon,A_LongShortCouponFirstIntPmt,A_Callable,A_CallDate,A_InflationIndexSecurity,A_RefCPIDatedDate,A_IndexRatioOnIssueDate,A_CPIBasePeriod,A_TIINConversionFactor,A_AccruedInterest,A_DatedDate,A_AnnouncedCUSIP,A_UnadjustedPrice,A_UnadjustedAccruedInterest,A_ScheduledPurchasesInTD,A_AnnouncementPDFName,A_OriginalDatedDate,A_AdjustedAmountCurrentlyOutstanding,A_NLPExclusionAmount,A_MaximumNonCompAward,A_AdjustedAccruedInterest,R_LongShortCouponFirstIntPmt,R_PrimaryDealerTendered,R_PrimaryDealerAccepted,R_DirectBidderTendered,R_DirectBidderAccepted,R_IndirectBidderTendered,R_IndirectBidderAccepted,R_CompetitiveTendered,R_CompetitiveAccepted,R_NonCompetitiveAccepted,R_SOMATendered,R_SOMAAccepted,R_FIMATendered,R_FIMAAccepted,R_TotalTendered,R_TotalAccepted,R_BidToCoverRatio,R_ReleaseTime,R_AmountAcceptedBelowLowRate,R_HighAllocationPercentage,R_LowDiscountRate,R_HighDiscountRate,R_MedianDiscountRate,R_LowYield,R_HighYield,R_MedianYield,R_LowPrice,R_HighPrice,R_MedianPrice,R_TIINConversionFactor,R_AccruedInterest,R_StandardInterestPayment,R_InterestRate,R_OriginalCUSIP,R_UnadjustedPrice,R_UnadjustedAccruedInterest,R_TreasuryDirectAccepted,R_InvestmentRate,R_AdjustedPrice,R_AdjustedAccruedInterest,R_IndexRatio,R_ResultsPDFName,A_MaturingDate,A_Spread,A_FloatingRate,A_RefCPIIssueDate,R_LowDiscountMargin,R_HighDiscountMargin,R_MedianDiscountMargin,R_Spread,R_FRNIndexDeterminationDate,R_FRNIndexDeterminationRate
2021-01-04,26-WEEK,182-DAY,BILL,912796B57,2020-12-31,2021-01-07,2021-07-08,51.0,Y,Y,Y,,SINGLE PRICE,11:30,11:00,17850000000.0,17850000000,17850000000,3,0.005,2,100,100,100,100,164996000000.0,,N,13485000000.0,Y,,,,,NONE,,,,,,N,,,,,,,,N,,,,,,,,,,,A_20201231_4.pdf,,,0.0,5000000.0,,,119470000000,19895315000,9585000000,2165202500,35956852000,28465535500,165011852000,50526053000,474983200,6549909400,6549909400,0,0,172036744600,57550945600,3.24,11:31,5,70.47,0.050,0.090,0.075,,,,,99.954500,,,,,,,,,269847000,0.091,,,,R_20210104_1.pdf,2021-01-07,,N,,,,,,,
2021-01-04,13-WEEK,91-DAY,BILL,9127964X4,2020-12-31,2021-01-07,2021-04-08,54.0,Y,Y,Y,,SINGLE PRICE,11:30,11:00,18900000000.0,18900000000,18900000000,3,0.005,2,100,100,100,100,164996000000.0,88748000000,N,13485000000.0,Y,,,,,NONE,,,,,,Y,2020-10-08,,,,,,,N,,,,,,,,,,,A_20201231_3.pdf,,,28400000000.0,5000000.0,,,117230000000,24394640000,9500000000,2435270000,32045479000,26477031000,158775479000,53306941000,599578300,6935198200,6935198200,95000000,95000000,166405255500,60936717500,2.95,11:32,5,15.42,0.050,0.090,0.080,,,,,99.977250,,,,,,,,,359467300,0.091,,,,R_20210104_2.pdf,2021-01-07,,N,,,,,,,
2021-01-05,0-WEEK,119-DAY,BILL,9127965A3,2020-12-31,2021-01-07,2021-05-06,30.0,Y,Y,N,,SINGLE PRICE,11:30,11:00,10500000000.0,10500000000,10500000000,3,0.005,2,100,100,100,100,164996000000.0,59066000000,N,13485000000.0,Y,,,,,NONE,,,,,,Y,2020-11-05,,,,,,,N,,,,,,,,,,,A_20201231_2.pdf,,,17900000000.0,5000000.0,,,85656000000,14155957000,6950000000,1650000000,25213750000,14181374000,117819750000,29987331000,12735000,0,0,0,0,117832485000,30000066000,3.93,11:32,5,34.51,0.050,0.085,0.080,,,,,99.971903,,,,,,,,,0,0.086,,,,R_20210105_1.pdf,2021-01-07,,N,,,,,,,
2021-01-05,0-WEEK,42-DAY,BILL,9127964D8,2020-12-31,2021-01-07,2021-02-18,30.0,Y,Y,N,,SINGLE PRICE,11:30,11:00,10500000000.0,10500000000,10500000000,3,0.005,2,100,100,100,100,164996000000.0,148846000000,N,13485000000.0,Y,,,,,NONE,,,,,,Y,2020-08-20,,,,,,,N,,,,,,,,,,,A_20201231_1.pdf,,,47300000000.0,5000000.0,,,80309000000,22281860000,7550000000,2224020000,5941800000,5473600000,93800800000,29979480000,21203000,0,0,0,0,93822003000,30000683000,3.13,11:32,5,6.36,0.050,0.085,0.075,,,,,99.990083,,,,,,,,,0,0.086,,,,R_20210105_2.pdf,2021-01-07,,N,,,,,,,
2021-01-06,0-WEEK,105-DAY,BILL,912796F20,2021-01-05,2021-01-12,2021-04-27,25.0,Y,Y,N,,SINGLE PRICE,11:30,11:00,8750000000.0,8750000000,8750000000,3,0.005,2,100,100,100,100,120007000000.0,30001000000,N,6284000000.0,Y,,,,,NONE,,,,,,Y,2020-11-24,,,,,,,N,,,,,,,,,,,A_20210105_4.pdf,,,10600000000.0,5000000.0,,,69600000000,12555405000,7000000000,2285675000,16557500000,10159527500,93157500000,25000607500,1116000,0,0,0,0,93158616000,25001723500,3.73,11:31,5,38.09,0.060,0.090,0.085,,,,,99.973750,,,,,,,,,0,0.091,,,,R_20210106_1.pdf,2021-01-12,,N,,,,,,,
2021-01-06,0-WEEK,154-DAY,BILL,912796G94,2021-01-05,2021-01-12,2021-06-15,30.0,Y,Y,N,,SINGLE PRICE,11:30,11:00,10500000000.0,10500000000,10500000000,3,0.005,2,100,100,100,100,120007000000.0,,N,6284000000.0,Y,,,,,NONE,,,,,,N,,,,,,,,N,,,,,,,,,,,A_20210105_1.pdf,,,0.0,5000000.0,,,79135000000,13575504000,9400000000,4521440000,18521550000,11901748000,107056550000,29998692000,1974000,0,0,0,0,107058524000,30000666000,3.57,11:32,5,35.72,0.060,0.090,0.080,,,,,99.961500,,,,,,,,,0,0.091,,,,R_20210106_2.pdf,2021-01-12,,N,,,,,,,
2021-01-07,4-WEEK,28-DAY,BILL,912796B73,2021-01-05,2021-01-12,2021-02-09,30.0,Y,Y,Y,,SINGLE PRICE,11:30,11:00,10500000000.0,10500000000,10500000000,3,0.005,2,100,100,100,100,120007000000.0,93382000000,N,6284000000.0,Y,,,,,NONE,,,,,,Y,2020-09-08,,,,,,,N,,,,,,,,,,,A_20210105_2.pdf,,,31600000000.0,5000000.0,,,81810000000,16220090000,9975000000,5573455000,10584866300,6636963800,102369866300,28430508800,858395100,2900515800,2900515800,712000000,712000000,106840777200,32901419700,3.46,11:31,5,91.17,0.050,0.080,0.075,,,,,99.993778,,,,,,,,,641627000,0.081,,,,R_20210107_1.pdf,2021-01-12,,N,,,,,,,
2021-01-07,8-WEEK,56-DAY,BILL,912796C72,2021-01-05,2021-01-12,2021-03-09,35.0,Y,Y,Y,,SINGLE PRICE,11:30,11:00,12250000000.0,12250000000,12250000000,3,0.005,2,100,100,100,100,120007000000.0,55002000000,N,6284000000.0,Y,,,,,NONE,,,,,,Y,2020-10-06,,,,,,,N,,,,,,,,,,,A_20210105_3.pdf,,,19300000000.0,5000000.0,,,89030000000,12917480000,10215000000,4233920000,33837533000,17556189000,133082533000,34707589000,198324400,3383934900,3383934900,95000000,95000000,136759792300,38384848300,3.81,11:31,5,27.52,0.050,0.085,0.080,,,,,99.986778,,,,,,,,,115420400,0.086,,,,R_20210107_2.pdf,2021-01-12,,N,,,,,,,
2021-01-11,13-WEEK,91-DAY,BILL,9127964Y2,2021-01-07,2021-01-14,2021-04-15,54.0,Y,Y,Y,,SINGLE PRICE,11:30,11:00,18900000000.0,18900000000,18900000000,3,0.005,2,100,100,100,100,165005000000.0,86583000000,N,12783000000.0,Y,,,,,NONE,,,,,,Y,2020-10-15,,,,,,,N,,,,,,,,,,,A_20210107_7.pdf,,,28400000000.0,5000000.0,,,117670000000,26069839000,11850000000,6164815000,26934847000,20272996200,156454847000,52507650200,721064100,6573985200,6573985200,772000000,772000000,164521896300,60574699500,2.92,11:31,5,19.39,0.045,0.090,0.080,,,,,99.977250,,,,,,,,,356128300,0.091,,,,R_20210111_1.pdf,2021-01-14,,N,,,,,,,
2021-01-11,26-WEEK,182-DAY,BILL,9127963S6,2021-01-07,2021-01-14,2021-07-15,51.0,Y,Y,Y,,SINGLE PRICE,11:30,11:00,17850000000.0,17850000000,17850000000,3,0.005,2,100,100,100,100,165005000000.0,38579000000,N,12783000000.0,Y,,,,,NONE,,,,,,Y,2020-07-16,,,,,,,N,,,,,,,,,,,A_20210107_1.pdf,,,11900000000.0,5000000.0,,,119320000000,17364400000,11150000000,5402000000,36191619300,27317551300,166661619300,50083951300,562772300,6208763700,6208763700,354000000,354000000,173787155300,57209487300,3.29,11:31,5,40.40,0.050,0.090,0.075,,,,,99.954500,,,,,,,,,315580300,0.091,,,,R_20210111_2.pdf,2021-01-14,,N,,,,,,,
2021-01-11,3-YEAR,0-MONTH,NOTE,91282CBE0,2021-01-07,2021-01-15,2024-01-15,58.0,Y,Y,Y,,SINGLE PRICE,13:00,12:00,20300000000.0,20300000000,20300000000,3,0.001,2,100,100,100,100,56397000000.0,,N,12063000000.0,Y,AJ-2024,,2021-07-15,,SEMI-ANNUAL,Y,100,912821FX8,912834WN4,,N,,N,,N,,N,,N,,,,,,2021-01-15,,,,,A_20210107_5.pdf,,,0.0,5000000.0,,,95311000000,19230710000,13346000000,8434060000,37405230000,30211230000,146062230000,57876000000,24154800,5830507000,5830507000,100000000,100000000,152016891800,63830661800,2.52,13:02,5,76.12,,,,0.120,0.234,0.210,,99.674335,,,,0.625,0.125,,,,10836800,,,,,R_20210111_3.pdf,2021-01-15,,N,,,,,,,
2021-01-12,0-WEEK,42-DAY,BILL,912796XE4,2021-01-07,2021-01-14,2021-02-25,30.0,Y,Y,N,,SINGLE PRICE,11:30,11:00,10500000000.0,10500000000,10500000000,3,0.005,2,100,100,100,100,165005000000.0,195339000000,N,12783000000.0,Y,,,,,NONE,,,,,,Y,2020-02-27,,,,,,,N,,,,,,,,,,,A_20210107_6.pdf,,,63000000000.0,5000000.0,,,78990000000,20505612000,7000000000,2291905000,9379260000,7166687500,95369260000,29964204500,35828000,0,0,0,0,95405088000,30000032500,3.18,11:31,5,28.51,0.050,0.085,0.075,,,,,99.990083,,,,,,,,,0,0.086,,,,R_20210112_1.pdf,2021-01-14,,N,,,,,,,
2021-01-12,0-WEEK,119-DAY,BILL,912796A25,2021-01-07,2021-01-14,2021-05-13,30.0,Y,Y,N,,SINGLE PRICE,11:30,11:00,10500000000.0,10500000000,10500000000,3,0.005,2,100,100,100,100,165005000000.0,56537000000,N,12783000000.0,Y,,,,,NONE,,,,,,Y,2020-11-12,,,,,,,N,,,,,,,,,,,A_20210107_3.pdf,,,17900000000.0,5000000.0,,,80910000000,15424069000,6900000000,1951780000,20376790000,12605788500,108186790000,29981637500,20393000,0,0,0,0,108207183000,30002030500,3.61,11:32,5,32.27,0.060,0.090,0.085,,,,,99.970250,,,,,,,,,0,0.091,,,,R_20210112_2.pdf,2021-01-14,,N,,,,,,,
2021-01-12,9-YEAR,10-MONTH,NOTE,91282CAV3,2021-01-07,2021-01-15,2030-11-15,38.0,Y,Y,Y,,SINGLE PRICE,13:00,12:00,13300000000.0,13300000000,13300000000,3,0.001,2,100,100,100,100,56397000000.0,91861000000,N,12063000000.0,Y,F-2030,0.875,2021-05-15,4.375,SEMI-ANNUAL,Y,100,912821FP5,,,Y,2020-11-16,Y,2020-11-15,N,,N,,N,,,,,1.47445,2020-11-15,,,,,A_20210107_4.pdf,2020-11-15,,27700000000.0,5000000.0,,,53969000000,7593650000,10404000000,6749600000,29324335000,23648435000,93697335000,37991685000,8318800,3819987200,3819987200,0,0,97525641000,41819991000,2.47,13:02,5,89.00,,,,0.961,1.164,1.120,,97.321944,,,1.47445,4.375,0.875,,,,6955800,,,,,R_20210112_3.pdf,2021-01-15,,N,,,,,,,
2021-01-13,0-WEEK,105-DAY,BILL,912796F79,2021-01-12,2021-01-19,2021-05-04,25.0,Y,Y,N,,SINGLE PRICE,11:30,11:00,8750000000.0,8750000000,8750000000,3,0.005,2,100,100,100,100,120004000000.0,30002000000,N,6149000000.0,Y,,,,,NONE,,,,,,Y,2020-12-01,,,,,,,N,,,,,,,,,,,A_20210112_2.pdf,,,10600000000.0,5000000.0,,,72525000000,12723380000,6600000000,2045475000,16952725000,10226242600,96077725000,24995097600,5897000,0,0,0,0,96083622000,25000994600,3.84,11:31,5,11.17,0.060,0.090,0.080,,,,,99.973750,,,,,,,,,0,0.091,,,,R_20210113_1.pdf,2021-01-19,,N,,,,,,,
2021-01-13,0-WEEK,154-DAY,BILL,912796H28,2021-01-12,2021-01-19,2021-06-22,30.0,Y,Y,N,,SINGLE PRICE,11:30,11:00,10500000000.0,10500000000,10500000000,3,0.005,2,100,100,100,100,120004000000.0,,N,6149000000.0,Y,,,,,NONE,,,,,,N,,,,,,,,N,,,,,,,,,,,A_20210112_4.pdf,,,0.0,5000000.0,,,85210000000,17571020000,6800000000,2028550000,16487650000,10400163000,108497650000,29999733000,1085000,0,0,0,0,108498735000,30000818000,3.62,11:32,5,55.10,0.060,0.090,0.085,,,,,99.961500,,,,,,,,,0,0.091,,,,R_20210113_2.pdf,2021-01-19,,N,,,,,,,
2021-01-13,29-YEAR,10-MONTH,BOND,912810SS8,2021-01-07,2021-01-15,2050-11-15,24.0,Y,Y,Y,,SINGLE PRICE,13:00,12:00,8400000000.0,8400000000,8400000000,3,0.001,2,100,100,100,100,56397000000.0,59426000000,N,12063000000.0,Y,Bonds of November 2050,1.625,2021-05-15,8.125,SEMI-ANNUAL,Y,100,912803FT5,,,Y,2020-11-16,Y,2020-11-15,N,,N,,N,,,,,2.73826,2020-11-15,,,,,A_20210107_2.pdf,2020-11-15,,17900000000.0,5000000.0,,,32295000000,3396744500,6338200000,4128017500,20691423000,16471750600,59324623000,23996512600,3489200,2412623500,2412623500,0,0,61740735700,26412625300,2.47,13:02,5,79.27,,,,0.080,1.825,1.790,,95.413195,,,2.73826,8.125,1.625,,,,1937200,,,,,R_20210113_3.pdf,2021-01-15,,N,,,,,,,
2021-01-14,4-WEEK,28-DAY,BILL,912796B81,2021-01-12,2021-01-19,2021-02-16,30.0,Y,Y,Y,,SINGLE PRICE,11:30,11:00,10500000000.0,10500000000,10500000000,3,0.005,2,100,100,100,100,120004000000.0,93312000000,N,6149000000.0,Y,,,,,NONE,,,,,,Y,2020-09-15,,,,,,,N,,,,,,,,,,,A_20210112_1.pdf,,,31600000000.0,5000000.0,,,85618000000,16565145000,8300000000,2491045000,13387799100,9643024100,107305799100,28699214100,864268500,2838125400,2838125400,437000000,437000000,111445193000,32838608000,3.62,11:31,5,68.87,0.050,0.075,0.070,,,,,99.994167,,,,,,,,,657133800,0.076,,,,R_20210114_1.pdf,2021-01-19,,N,,,,,,,
2021-01-14,8-WEEK,56-DAY,BILL,912796C80,2021-01-12,2021-01-19,2021-03-16,35.0,Y,Y,Y,,SINGLE PRICE,11:30,11:00,12250000000.0,12250000000,12250000000,3,0.005,2,100,100,100,100,120004000000.0,55002000000,N,6149000000.0,Y,,,,,NONE,,,,,,Y,2020-10-13,,,,,,,N,,,,,,,,,,,A_20210112_3.pdf,,,19300000000.0,5000000.0,,,90250000000,22529568000,7500000000,2447100000,14592000000,9144150000,112342000000,34120818000,209102400,3311146100,3311146100,672000000,672000000,116534248500,38313066500,3.23,11:32,5,39.42,0.050,0.080,0.075,,,,,99.987556,,,,,,,,,136203400,0.081,,,,R_20210114_2.pdf,2021-01-19,,N,,,,,,,
2021-01-19,26-WEEK,182-DAY,BILL,912796C49,2021-01-14,2021-01-21,2021-07-22,51.0,Y,Y,Y,,SINGLE PRICE,11:30,11:00,17850000000.0,17850000000,17850000000,3,0.005,2,100,100,100,100,164995000000.0,,N,14816000000.0,Y,,,,,NONE,,,,,,N,,,,,,,,N,,,,,,,,,,,A_20210114_3.pdf,,,0.0,5000000.0,,,117350000000,23810715000,7175000000,1441900000,32192813000,24936684200,156717813000,50189299200,497723900,7196410400,7196410400,314000000,314000000,164725947300,58197433500,3.09,11:31,5,6.69,0.045,0.095,0.080,,,,,99.951972,,,,,,,,,286950900,0.096,,,,R_20210119_1.pdf,2021-01-21,,N,,,,,,,
2021-01-19,13-WEEK,91-DAY,BILL,9127962Q1,2021-01-14,2021-01-21,2021-04-22,54.0,Y,Y,Y,,SINGLE PRICE,11:30,11:00,18900000000.0,18900000000,18900000000,3,0.005,2,100,100,100,100,164995000000.0,138470000000,N,14816000000.0,Y,,,,,NONE,,,,,,Y,2020-04-23,,,,,,,N,,,,,,,,,,,A_20210114_5.pdf,,,45200000000.0,5000000.0,,,119845000000,27584678000,8750000000,1700000000,31607946000,23549127700,160202946000,52833805700,767907100,7619728800,7619728800,400000000,400000000,168990581900,61621441600,2.99,11:31,5,81.43,0.045,0.085,0.080,,,,,99.978514,,,,,,,,,345046700,0.086,,,,R_20210119_2.pdf,2021-01-21,,N,,,,,,,
2021-01-19,0-WEEK,119-DAY,BILL,9127962Y4,2021-01-14,2021-01-21,2021-05-20,30.0,Y,Y,N,,SINGLE PRICE,13:00,12:00,10500000000.0,10500000000,10500000000,3,0.005,2,100,100,100,100,164995000000.0,93044000000,N,14816000000.0,Y,,,,,NONE,,,,,,Y,2020-05-21,,,,,,,N,,,,,,,,,,,A_20210114_6.pdf,,,28700000000.0,5000000.0,,,82160000000,12807821000,7825000000,1762237500,23276500000,15426142900,113261500000,29996201400,3800000,0,0,0,0,113265300000,30000001400,3.78,13:01,5,3.83,0.060,0.090,0.080,,,,,99.970250,,,,,,,,,0,0.091,,,,R_20210119_3.pdf,2021-01-21,,N,,,,,,,
2021-01-19,0-WEEK,42-DAY,BILL,9127964F3,2021-01-14,2021-01-21,2021-03-04,30.0,Y,Y,N,,SINGLE PRICE,13:00,12:00,10500000000.0,10500000000,10500000000,3,0.005,2,100,100,100,100,164995000000.0,149089000000,N,14816000000.0,Y,,,,,NONE,,,,,,Y,2020-09-03,,,,,,,N,,,,,,,,,,,A_20210114_4.pdf,,,47300000000.0,5000000.0,,,82888000000,19086869000,8400000000,3651130000,8811400000,7233880000,100099400000,29971879000,29633000,0,0,0,0,100129033000,30001512000,3.34,13:01,5,34.27,0.050,0.085,0.080,,,,,99.990083,,,,,,,,,0,0.086,,,,R_20210119_4.pdf,2021-01-21,,N,,,,,,,
2021-01-20,0-WEEK,105-DAY,BILL,912796F87,2021-01-19,2021-01-26,2021-05-11,25.0,Y,Y,N,,SINGLE PRICE,11:30,11:00,8750000000.0,8750000000,8750000000,3,0.005,2,100,100,100,100,120004000000.0,30000000000,N,6361000000.0,Y,,,,,NONE,,,,,,Y,2020-12-08,,,,,,,N,,,,,,,,,,,A_20210119_3.pdf,,,10500000000.0,5000000.0,,,77850000000,10790550000,6350000000,2009150000,20935350000,12193340000,105135350000,24993040000,7604000,0,0,0,0,105142954000,25000644000,4.21,11:31,5,59.90,0.055,0.085,0.080,,,,,99.975208,,,,,,,,,0,0.086,,,,R_20210120_1.pdf,2021-01-26,,N,,,,,,,
2021-01-20,0-WEEK,154-DAY,BILL,912796H36,2021-01-19,2021-01-26,2021-06-29,30.0,Y,Y,N,,SINGLE PRICE,11:30,11:00,10500000000.0,10500000000,10500000000,3,0.005,2,100,100,100,100,120004000000.0,,N,6361000000.0,Y,,,,,NONE,,,,,,N,,,,,,,,N,,,,,,,,,,,A_20210119_4.pdf,,,0.0,5000000.0,,,82885000000,12364717500,6875000000,1818142500,19005975000,15815303800,108765975000,29998163800,2184000,0,0,0,0,108768159000,30000347800,3.63,11:31,5,96.39,0.060,0.090,0.090,,,,,99.961500,,,,,,,,,0,0.091,,,,R_20210120_2.pdf,2021-01-26,,N,,,,,,,
2021-01-20,19-YEAR,10-MONTH,BOND,912810ST6,2021-01-14,2021-02-01,2040-11-15,24.0,Y,Y,Y,,SINGLE PRICE,13:00,12:00,8400000000.0,8400000000,8400000000,3,0.001,2,100,100,100,100,128869000000.0,58397000000,N,31762000000.0,Y,Bonds of November 2040,1.375,2021-05-15,6.875,SEMI-ANNUAL,Y,100,912803FU2,,,Y,2020-11-30,Y,2020-11-15,N,,N,,N,,,,,2.96271,2020-11-15,,,,,A_20210114_2.pdf,2020-11-15,,17900000000.0,5000000.0,,,33441000000,6178816000,5727000000,3482530000,15527950000,14336130000,54695950000,23997476000,2547400,3243793500,3243793500,0,0,57942290900,27243816900,2.28,13:01,5,82.12,,,,0.080,1.657,1.600,,95.258107,,,2.96271,6.875,1.375,,,,1641400,,,,,R_20210120_3.pdf,2021-01-31,,N,,,,,,,
2021-01-21,4-WEEK,28-DAY,BILL,912796B99,2021-01-19,2021-01-26,2021-02-23,30.0,Y,Y,Y,,SINGLE PRICE,11:30,11:00,10500000000.0,10500000000,10500000000,3,0.005,2,100,100,100,100,120004000000.0,93420000000,N,6361000000.0,Y,,,,,NONE,,,,,,Y,2020-09-22,,,,,,,N,,,,,,,,,,,A_20210119_2.pdf,,,31500000000.0,5000000.0,,,89985000000,13149585000,7950000000,2702675000,19231668500,12954808500,117166668500,28807068500,853595100,2935972000,2935972000,340000000,340000000,121296235600,32936635600,3.95,11:31,5,52.05,0.040,0.070,0.060,,,,,99.994556,,,,,,,,,725208100,0.071,,,,R_20210121_1.pdf,2021-01-26,,N,,,,,,,
2021-01-21,8-WEEK,56-DAY,BILL,912796C98,2021-01-19,2021-01-26,2021-03-23,35.0,Y,Y,Y,,SINGLE PRICE,11:30,11:00,12250000000.0,12250000000,12250000000,3,0.005,2,100,100,100,100,120004000000.0,55001000000,N,6361000000.0,Y,,,,,NONE,,,,,,Y,2020-10-20,,,,,,,N,,,,,,,,,,,A_20210119_1.pdf,,,19300000000.0,5000000.0,,,95115000000,18546050000,10250000000,5158500000,16460400000,10671365000,121825400000,34375915000,226553400,3425300500,3425300500,400000000,400000000,125877253900,38427768900,3.50,11:32,5,5.85,0.050,0.080,0.070,,,,,99.987556,,,,,,,,,166835400,0.081,,,,R_20210121_2.pdf,2021-01-26,,N,,,,,,,
2021-01-21,10-YEAR,0-MONTH,NOTE,91282CBF7,2021-01-14,2021-01-29,2031-01-15,15.0,Y,Y,Y,,SINGLE PRICE,13:00,12:00,5250000000.0,5250000000,5250000000,3,0.001,2,100,100,100,100,0.0,,N,0.0,Y,A-2031,,2021-07-15,,SEMI-ANNUAL,Y,100,912821FY6,912834WP9,,N,,Y,2021-01-15,N,,N,,Y,260.31619,0.99972,1982-1984=100,,,2021-01-15,,,,,A_20210114_1.pdf,,0.0,0.0,5000000.0,,,21101000000,2642540000,3523000000,2923000000,15581499300,9388503300,40205499300,14954043300,45998200,0,0,0,0,40251497500,15000041500,2.68,13:01,5,17.54,,,,-1.077,-0.987,-1.030,,111.638729,,0.240092635,,,0.125,,111.669997,0.04834,20186200,,111.638729,0.04833,0.99972,R_20210121_3.pdf,2021-01-29,,N,260.24439,,,,,,
2021-01-25,26-WEEK,182-DAY,BILL,912796C56,2021-01-21,2021-01-28,2021-07-29,51.0,Y,Y,Y,,SINGLE PRICE,11:30,11:00,17850000000.0,17850000000,17850000000,3,0.005,2,100,100,100,100,208192000000.0,,N,18952000000.0,Y,,,,,NONE,,,,,,N,,,,,,,,N,,,,,,,,,,,A_20210121_2.pdf,,,0.0,5000000.0,,,121520000000,21961840000,9340000000,2762140000,45257971000,24748662800,176117971000,49472642800,527677400,6953759900,6953759900,1000000000,1000000000,184599408300,57954080100,3.48,11:31,5,95.42,0.060,0.085,0.080,,,,,99.957028,,,,,,,,,258493500,0.086,,,,R_20210125_1.pdf,2021-01-28,,N,,,,,,,
2021-01-25,13-WEEK,91-DAY,BILL,9127964Z9,2021-01-21,2021-01-28,2021-04-29,54.0,Y,Y,Y,,SINGLE PRICE,11:30,11:00,18900000000.0,18900000000,18900000000,3,0.005,2,100,100,100,100,208192000000.0,85598000000,N,18952000000.0,Y,,,,,NONE,,,,,,Y,2020-10-29,,,,,,,N,,,,,,,,,,,A_20210121_5.pdf,,,28400000000.0,5000000.0,,,121170000000,29058069000,10420000000,3646865000,24610477000,19564294500,156200477000,52269228500,732636500,7362804700,7362804700,1000000000,1000000000,165295918200,61364669700,2.92,11:32,5,26.69,0.035,0.080,0.070,,,,,99.979778,,,,,,,,,338558500,0.081,,,,R_20210125_2.pdf,2021-01-28,,N,,,,,,,
2021-01-25,2-YEAR,0-MONTH,NOTE,91282CBG5,2021-01-21,2021-02-01,2023-01-31,60.0,Y,Y,Y,,SINGLE PRICE,13:00,12:00,21000000000.0,21000000000,21000000000,3,0.001,2,100,100,100,100,128869000000.0,,N,31762000000.0,Y,AV-2023,,2021-07-31,,SEMI-ANNUAL,Y,100,912821FZ3,,,N,,Y,2021-01-31,N,,N,,N,,,,,,2021-01-31,,,,,A_20210121_4.pdf,,,0.0,5000000.0,,,92719000000,16582176000,16434000000,9356000000,50716005000,33850883000,159869005000,59789059000,105946700,8109483900,8109483900,105000000,105000000,168189435600,68109489600,2.67,13:01,5,31.78,,,,0.025,0.125,0.099,,100.000000,,,0.00345,0.625,0.125,,,,70944900,,,,,R_20210125_3.pdf,2021-01-31,,N,,,,,,,
2021-01-26,0-WEEK,42-DAY,BILL,9127964M8,2021-01-21,2021-01-28,2021-03-11,30.0,Y,Y,N,,SINGLE PRICE,11:30,11:00,10500000000.0,10500000000,10500000000,3,0.005,2,100,100,100,100,208192000000.0,145040000000,N,18952000000.0,Y,,,,,NONE,,,,,,Y,2020-09-10,,,,,,,N,,,,,,,,,,,A_20210121_3.pdf,,,47300000000.0,5000000.0,,,92180000000,17789140000,8400000000,2749050000,17746044000,9439319200,118326044000,29977509200,24324000,0,0,0,0,118350368000,30001833200,3.94,11:31,5,6.54,0.040,0.070,0.060,,,,,99.991833,,,,,,,,,0,0.071,,,,R_20210126_1.pdf,2021-01-28,,N,,,,,,,
2021-01-26,0-WEEK,119-DAY,BILL,912796A33,2021-01-21,2021-01-28,2021-05-27,30.0,Y,Y,N,,SINGLE PRICE,11:30,11:00,10500000000.0,10500000000,10500000000,3,0.005,2,100,100,100,100,208192000000.0,55320000000,N,18952000000.0,Y,,,,,NONE,,,,,,Y,2020-11-27,,,,,,,N,,,,,,,,,,,A_20210121_9.pdf,,,17900000000.0,5000000.0,,,91492000000,17588275000,6925000000,1661552500,19920125000,10725654500,118337125000,29975482000,24586000,0,0,0,0,118361711000,30000068000,3.95,11:31,5,98.37,0.050,0.075,0.070,,,,,99.975208,,,,,,,,,0,0.076,,,,R_20210126_2.pdf,2021-01-28,,N,,,,,,,
2021-01-26,5-YEAR,0-MONTH,NOTE,91282CBH3,2021-01-21,2021-02-01,2026-01-31,61.0,Y,Y,Y,,SINGLE PRICE,13:00,12:00,21350000000.0,21350000000,21350000000,3,0.001,2,100,100,100,100,128869000000.0,,N,31762000000.0,Y,U-2026,,2021-07-31,,SEMI-ANNUAL,Y,100,912821GA7,,,N,,Y,2021-01-31,N,,N,,N,,,,,,2021-01-31,,,,,A_20210121_8.pdf,,,0.0,5000000.0,,,85075000000,15460420000,13405000000,8625000000,44384145000,36885095000,142864145000,60970515000,24593400,8244642000,8244642000,5000000,5000000,151138380400,69244750400,2.34,13:01,5,18.38,,,,0.300,0.424,0.375,,99.757963,,,0.01036,1.875,0.375,,,,9161400,,,,,R_20210126_3.pdf,2021-01-31,,N,,,,,,,
2021-01-26,52-WEEK,364-DAY,BILL,912796C31,2021-01-21,2021-01-28,2022-01-27,34.0,Y,Y,Y,,SINGLE PRICE,13:00,12:00,11900000000.0,11900000000,11900000000,3,0.005,2,100,100,100,100,208192000000.0,,N,18952000000.0,Y,,,,,NONE,,,,,,N,,,,,,,,N,,,,,,,,,,,A_20210121_7.pdf,,,0.0,5000000.0,,,94455000000,15400100000,9900000000,2672350000,28496688000,15638228000,132851688000,33710678000,289670900,4635839900,4635839900,0,0,137777198800,38636188800,3.92,13:02,5,59.10,0.055,0.090,0.085,,,,,99.909000,,,,,,,,,151129900,0.091,,,,R_20210126_4.pdf,2021-01-28,,N,,,,,,,
2021-01-27,0-WEEK,105-DAY,BILL,912796F95,2021-01-26,2021-02-02,2021-05-18,25.0,Y,Y,N,,SINGLE PRICE,11:30,11:00,8750000000.0,8750000000,8750000000,3,0.005,2,100,100,100,100,120001000000.0,30001000000,N,5243000000.0,Y,,,,,NONE,,,,,,Y,2020-12-15,,,,,,,N,,,,,,,,,,,A_20210126_2.pdf,,,10600000000.0,5000000.0,,,79365000000,14419952500,7800000000,2405900000,14563925000,8173931500,101728925000,24999784000,1691000,0,0,0,0,101730616000,25001475000,4.07,11:31,5,10.59,0.040,0.075,0.065,,,,,99.978125,,,,,,,,,0,0.076,,,,R_20210127_1.pdf,2021-02-02,,N,,,,,,,
2021-01-27,0-WEEK,154-DAY,BILL,912796H85,2021-01-26,2021-02-02,2021-07-06,30.0,Y,Y,N,,SINGLE PRICE,11:30,11:00,10500000000.0,10500000000,10500000000,3,0.005,2,100,100,100,100,120001000000.0,,N,5243000000.0,Y,,,,,NONE,,,,,,N,,,,,,,,N,,,,,,,,,,,A_20210126_4.pdf,,,0.0,5000000.0,,,83360000000,16657740000,7550000000,1960875000,16661925000,11380042500,107571925000,29998657500,2112000,0,0,0,0,107574037000,30000769500,3.59,11:32,5,21.45,0.050,0.080,0.075,,,,,99.965778,,,,,,,,,0,0.081,,,,R_20210127_2.pdf,2021-02-02,,N,,,,,,,
2021-01-27,2-YEAR,0-MONTH,NOTE,91282CBK6,2021-01-21,2021-02-01,2023-01-31,28.0,Y,Y,Y,,SINGLE PRICE,13:00,12:00,9800000000.0,9800000000,9800000000,3,0.001,2,100,100,100,100,128869000000.0,,N,31762000000.0,Y,AW-2023,,2021-04-30,,QUARTERLY,N,,,,,N,,Y,2021-01-31,N,,N,,N,,,,,,2021-01-31,,,,,A_20210121_1.pdf,,,0.0,5000000.0,,,60485000000,13096210000,3600000000,300000000,14880235000,14578527500,78965235000,27974737500,25332700,3784425800,3784425800,0,0,82774993500,31784496000,2.82,13:01,5,33.17,,,,,,,,100.000000,,,0.000358378,,,,,,12044700,,,,,R_20210127_3.pdf,2021-01-31,0.049,Y,,0.020,0.049,0.040,0.049,2021-01-25,0.080
2021-01-28,4-WEEK,28-DAY,BILL,912796C23,2021-01-26,2021-02-02,2021-03-02,30.0,Y,Y,Y,,SINGLE PRICE,11:30,11:00,10500000000.0,10500000000,10500000000,3,0.005,2,100,100,100,100,120001000000.0,92819000000,N,5243000000.0,Y,,,,,NONE,,,,,,Y,2020-09-29,,,,,,,N,,,,,,,,,,,A_20210126_3.pdf,,,31600000000.0,5000000.0,,,87210000000,12995840000,8900000000,2254200000,19390800400,12881920400,115500800400,28131960400,917226200,2420042400,2420042400,951000000,951000000,119789069000,32420229000,3.91,11:31,5,33.52,0.015,0.055,0.035,,,,,99.995722,,,,,,,,,770507900,0.056,,,,R_20210128_1.pdf,2021-02-02,,N,,,,,,,
2021-01-28,8-WEEK,56-DAY,BILL,912796D22,2021-01-26,2021-02-02,2021-03-30,35.0,Y,Y,Y,,SINGLE PRICE,11:30,11:00,12250000000.0,12250000000,12250000000,3,0.005,2,100,100,100,100,120001000000.0,55001000000,N,5243000000.0,Y,,,,,NONE,,,,,,Y,2020-10-27,,,,,,,N,,,,,,,,,,,A_20210126_1.pdf,,,19300000000.0,5000000.0,,,93080000000,13906040000,7100000000,1639600000,32533925000,18230093000,132713925000,33775733000,225848100,2823382800,2823382800,1000000000,1000000000,136763155900,37824963900,3.83,11:32,5,28.96,0.030,0.065,0.060,,,,,99.989889,,,,,,,,,159049100,0.066,,,,R_20210128_2.pdf,2021-02-02,,N,,,,,,,
2021-01-28,7-YEAR,0-MONTH,NOTE,91282CBJ9,2021-01-21,2021-02-01,2028-01-31,62.0,Y,Y,Y,,SINGLE PRICE,13:00,12:00,21700000000.0,21700000000,21700000000,3,0.001,2,100,100,100,100,128869000000.0,,N,31762000000.0,Y,G-2028,,2021-07-31,,SEMI-ANNUAL,Y,100,912821GB5,912834WQ7,,N,,Y,2021-01-31,N,,N,,N,,,,,,2021-01-31,,,,,A_20210121_6.pdf,,,0.0,5000000.0,,,81058000000,12161487500,15443600000,10094325000,46396645000,39738459500,142898245000,61994272000,5771500,8379799900,8379799900,0,0,151283816400,70379843400,2.30,13:02,5,51.45,,,,0.600,0.754,0.703,,99.972779,,,0.02072,3.750,0.750,,,,4570500,,,,,R_20210128_3.pdf,2021-01-31,,N,,,,,,,
2021-02-01,26-WEEK,182-DAY,BILL,912796C64,2021-01-28,2021-02-04,2021-08-05,51.0,Y,Y,Y,,SINGLE PRICE,11:30,11:00,17850000000.0,17850000000,17850000000,3,0.005,2,100,100,100,100,165001000000.0,,N,14150000000.0,Y,,,,,NONE,,,,,,N,,,,,,,,N,,,,,,,,,,,A_20210128_3.pdf,,,0.0,5000000.0,,,123240000000,20662410000,9760000000,1579100000,40186385000,27846788000,173186385000,50088298000,573684200,6872643500,6872643500,339000000,339000000,180971712700,57873625700,3.41,11:32,5,66.91,0.040,0.070,0.060,,,,,99.964611,,,,,,,,,306029200,0.071,,,,R_20210201_1.pdf,2021-02-04,,N,,,,,,,
2021-02-01,13-WEEK,91-DAY,BILL,9127965A3,2021-01-28,2021-02-04,2021-05-06,54.0,Y,Y,Y,,SINGLE PRICE,11:30,11:00,18900000000.0,18900000000,18900000000,3,0.005,2,100,100,100,100,165001000000.0,89067000000,N,14150000000.0,Y,,,,,NONE,,,,,,Y,2020-11-05,,,,,,,N,,,,,,,,,,,A_20210128_2.pdf,,,28400000000.0,5000000.0,,,120133000000,27855890000,10425000000,4697050000,23885979000,20272463300,154443979000,52825403300,712327400,7276916700,7276916700,463000000,463000000,162896223100,61277647400,2.88,11:32,5,51.47,0.020,0.065,0.055,,,,,99.983569,,,,,,,,,337012900,0.066,,,,R_20210201_2.pdf,2021-02-04,,N,,,,,,,
2021-02-02,0-WEEK,42-DAY,BILL,9127964N6,2021-01-28,2021-02-04,2021-03-18,30.0,Y,Y,N,,SINGLE PRICE,11:30,11:00,10500000000.0,10500000000,10500000000,3,0.005,2,100,100,100,100,165001000000.0,144598000000,N,14150000000.0,Y,,,,,NONE,,,,,,Y,2020-09-17,,,,,,,N,,,,,,,,,,,A_20210128_4.pdf,,,47300000000.0,5000000.0,,,89025000000,17222342000,9150000000,2488560000,23207695000,10277705400,121382695000,29988607400,13596000,0,0,0,0,121396291000,30002203400,4.05,11:31,5,8.66,0.020,0.050,0.040,,,,,99.994167,,,,,,,,,0,0.051,,,,R_20210202_1.pdf,2021-02-04,,N,,,,,,,
2021-02-02,0-WEEK,119-DAY,BILL,912796A41,2021-01-28,2021-02-04,2021-06-03,30.0,Y,Y,N,,SINGLE PRICE,11:30,11:00,10500000000.0,10500000000,10500000000,3,0.005,2,100,100,100,100,165001000000.0,58478000000,N,14150000000.0,Y,,,,,NONE,,,,,,Y,2020-12-03,,,,,,,N,,,,,,,,,,,A_20210128_1.pdf,,,17900000000.0,5000000.0,,,89260000000,15850395000,8900000000,2368005000,21011800000,11763704500,119171800000,29982104500,18179000,0,0,0,0,119189979000,30000283500,3.97,11:31,5,57.73,0.030,0.060,0.055,,,,,99.980167,,,,,,,,,0,0.061,,,,R_20210202_2.pdf,2021-02-04,,N,,,,,,,
2021-02-03,0-WEEK,105-DAY,BILL,912796G29,2021-02-02,2021-02-09,2021-05-25,25.0,Y,Y,N,,SINGLE PRICE,11:30,11:00,8750000000.0,8750000000,8750000000,3,0.005,2,100,100,100,100,120004000000.0,30001000000,N,6280000000.0,Y,,,,,NONE,,,,,,Y,2020-12-22,,,,,,,N,,,,,,,,,,,A_20210202_1.pdf,,,10600000000.0,5000000.0,,,78585000000,15046740000,9900000000,5386330000,7637000000,4565491000,96122000000,24998561000,2723000,0,0,0,0,96124723000,25001284000,3.84,11:31,5,3.46,0.020,0.055,0.045,,,,,99.983958,,,,,,,,,0,0.056,,,,R_20210203_1.pdf,2021-02-09,,N,,,,,,,
2021-02-03,0-WEEK,154-DAY,BILL,912796H93,2021-02-02,2021-02-09,2021-07-13,30.0,Y,Y,N,,SINGLE PRICE,11:30,11:00,10500000000.0,10500000000,10500000000,3,0.005,2,100,100,100,100,120004000000.0,,N,6280000000.0,Y,,,,,NONE,,,,,,N,,,,,,,,N,,,,,,,,,,,A_20210202_3.pdf,,,0.0,5000000.0,,,81745000000,14862936000,10000000000,4432800000,15220000000,10703296000,106965000000,29999032000,1356000,0,0,0,0,106966356000,30000388000,3.57,11:32,5,96.16,0.030,0.055,0.055,,,,,99.976472,,,,,,,,,0,0.056,,,,R_20210203_2.pdf,2021-02-09,,N,,,,,,,
2021-02-04,4-WEEK,28-DAY,BILL,912796C72,2021-02-02,2021-02-09,2021-03-09,30.0,Y,Y,Y,,SINGLE PRICE,11:30,11:00,10500000000.0,10500000000,10500000000,3,0.005,2,100,100,100,100,120004000000.0,93385000000,N,6280000000.0,Y,,,,,NONE,,,,,,Y,2020-10-06,,,,,,,N,,,,,,,,,,,A_20210202_4.pdf,,,31600000000.0,5000000.0,,,90645000000,16650200000,10100000000,3581400000,13861617400,8565629400,114606617400,28797229400,810529900,2898491600,2898491600,393000000,393000000,118708638900,32899250900,3.86,11:31,5,61.20,0.000,0.030,0.020,,,,,99.997667,,,,,,,,,653425800,0.030,,,,R_20210204_1.pdf,2021-02-09,,N,,,,,,,
2021-02-04,8-WEEK,56-DAY,BILL,912796D71,2021-02-02,2021-02-09,2021-04-06,35.0,Y,Y,Y,,SINGLE PRICE,11:30,11:00,12250000000.0,12250000000,12250000000,3,0.005,2,100,100,100,100,120004000000.0,55001000000,N,6280000000.0,Y,,,,,NONE,,,,,,Y,2020-11-03,,,,,,,N,,,,,,,,,,,A_20210202_2.pdf,,,19300000000.0,5000000.0,,,99050000000,18566750000,9050000000,2230750000,25544000000,13599222500,133644000000,34396722500,240392200,3381573500,3381573500,363000000,363000000,137628965700,38381688200,3.84,11:32,5,76.15,0.000,0.035,0.030,,,,,99.994556,,,,,,,,,173695200,0.035,,,,R_20210204_2.pdf,2021-02-09,,N,,,,,,,
2021-02-08,26-WEEK,182-DAY,BILL,9127964B2,2021-02-04,2021-02-11,2021-08-12,51.0,Y,Y,Y,,SINGLE PRICE,11:30,11:00,17850000000.0,17850000000,17850000000,3,0.005,2,100,100,100,100,165002000000.0,37996000000,N,11855000000.0,Y,,,,,NONE,,,,,,Y,2020-08-13,,,,,,,N,,,,,,,,,,,A_20210204_2.pdf,,,11900000000.0,5000000.0,,,120820000000,27521859000,11755000000,6561867500,19127453000,15872522500,151702453000,49956249000,665470000,5758321200,5758321200,380000000,380000000,158506244200,56760040200,2.99,11:31,5,29.77,0.010,0.050,0.035,,,,,99.974722,,,,,,,,,283728900,0.051,,,,R_20210208_1.pdf,2021-02-11,,N,,,,,,,
2021-02-08,13-WEEK,91-DAY,BILL,912796A25,2021-02-04,2021-02-11,2021-05-13,54.0,Y,Y,Y,,SINGLE PRICE,11:30,11:00,18900000000.0,18900000000,18900000000,3,0.005,2,100,100,100,100,165002000000.0,86539000000,N,11855000000.0,Y,,,,,NONE,,,,,,Y,2020-11-12,,,,,,,N,,,,,,,,,,,A_20210204_4.pdf,,,28400000000.0,5000000.0,,,118151000000,24492080000,14000000000,8360325000,29831771200,20023896200,161982771200,52876301200,648691200,6097046000,6097046000,476000000,476000000,169204508400,60098038400,3.02,11:32,5,54.71,0.000,0.035,0.025,,,,,99.991153,,,,,,,,,289903300,0.035,,,,R_20210208_2.pdf,2021-02-11,,N,,,,,,,
2021-02-09,0-WEEK,42-DAY,BILL,9127962F5,2021-02-04,2021-02-11,2021-03-25,30.0,Y,Y,N,,SINGLE PRICE,11:30,11:00,10500000000.0,10500000000,10500000000,3,0.005,2,100,100,100,100,165002000000.0,186144000000,N,11855000000.0,Y,,,,,NONE,,,,,,Y,2020-03-26,,,,,,,N,,,,,,,,,,,A_20210204_1.pdf,,,63400000000.0,5000000.0,,,82910000000,19403420000,10600000000,6226175000,9490938000,4363213000,103000938000,29992808000,8180000,0,0,0,0,103009118000,30000988000,3.43,11:31,5,46.85,0.010,0.035,0.025,,,,,99.995917,,,,,,,,,0,0.035,,,,R_20210209_1.pdf,2021-02-11,,N,,,,,,,
2021-02-09,0-WEEK,119-DAY,BILL,912796B24,2021-02-04,2021-02-11,2021-06-10,30.0,Y,Y,N,,SINGLE PRICE,11:30,11:00,10500000000.0,10500000000,10500000000,3,0.005,2,100,100,100,100,165002000000.0,55384000000,N,11855000000.0,Y,,,,,NONE,,,,,,Y,2020-12-10,,,,,,,N,,,,,,,,,,,A_20210204_3.pdf,,,17900000000.0,5000000.0,,,78910000000,12436630000,10350000000,3953055000,24766870000,13601117500,114026870000,29990802500,10757000,0,0,0,0,114037627000,30001559500,3.80,11:32,5,76.83,0.020,0.040,0.035,,,,,99.986778,,,,,,,,,0,0.041,,,,R_20210209_2.pdf,2021-02-11,,N,,,,,,,
2021-02-09,3-YEAR,0-MONTH,NOTE,91282CBM2,2021-02-03,2021-02-16,2024-02-15,58.0,Y,Y,Y,,SINGLE PRICE,13:00,12:00,20300000000.0,20300000000,20300000000,3,0.001,2,100,100,100,100,62864000000.0,,N,45710000000.0,Y,AK-2024,,2021-08-15,,SEMI-ANNUAL,Y,100,912821GC3,,,N,,Y,2021-02-15,N,,N,,N,,,,,,2021-02-15,,,,,A_20210203_3.pdf,,,0.0,5000000.0,,,83931000000,18059920000,14387000000,9286000000,40225000000,30512000000,138543000000,57857920000,32120400,21041170200,21041170200,110000000,110000000,159726290600,79041210600,2.39,13:01,5,11.36,,,,0.090,0.196,0.165,,99.787923,,,0.00345,0.625,0.125,,,,18289400,,,,,R_20210209_3.pdf,2021-02-15,,N,,,,,,,
2021-02-10,0-WEEK,154-DAY,BILL,912796J26,2021-02-09,2021-02-16,2021-07-20,30.0,Y,Y,N,,SINGLE PRICE,11:30,11:00,10500000000.0,10500000000,10500000000,3,0.005,2,100,100,100,100,119997000000.0,,N,6146000000.0,Y,,,,,NONE,,,,,,N,,,,,,,,N,,,,,,,,,,,A_20210209_3.pdf,,,0.0,5000000.0,,,79060000000,18081592000,7175000000,2108180000,10714025000,9808645000,96949025000,29998417000,1830000,0,0,0,0,96950855000,30000247000,3.23,11:31,5,51.76,0.020,0.055,0.050,,,,,99.976472,,,,,,,,,0,0.056,,,,R_20210210_1.pdf,2021-02-16,,N,,,,,,,
2021-02-10,0-WEEK,105-DAY,BILL,912796G37,2021-02-09,2021-02-16,2021-06-01,25.0,Y,Y,N,,SINGLE PRICE,11:30,11:00,8750000000.0,8750000000,8750000000,3,0.005,2,100,100,100,100,119997000000.0,30000000000,N,6146000000.0,Y,,,,,NONE,,,,,,Y,2020-12-29,,,,,,,N,,,,,,,,,,,A_20210209_1.pdf,,,10500000000.0,5000000.0,,,71125000000,13380180000,7000000000,2533060000,12080800000,9086383000,90205800000,24999623000,871000,0,0,0,0,90206671000,25000494000,3.61,11:31,5,25.62,0.020,0.045,0.040,,,,,99.986875,,,,,,,,,0,0.046,,,,R_20210210_2.pdf,2021-02-16,,N,,,,,,,
2021-02-10,10-YEAR,0-MONTH,NOTE,91282CBL4,2021-02-03,2021-02-16,2031-02-15,41.0,Y,Y,Y,,SINGLE PRICE,13:00,12:00,14350000000.0,14350000000,14350000000,3,0.001,2,100,100,100,100,62864000000.0,,N,45710000000.0,Y,B-2031,,2021-08-15,,SEMI-ANNUAL,Y,100,912821GD1,,,N,,Y,2021-02-15,N,,N,,N,,,,,,2021-02-15,,,,,A_20210203_2.pdf,,,0.0,5000000.0,,,55702000000,8387105000,11695000000,7753035000,29564674000,24836683200,96961674000,40976823200,23219900,14873930700,14873930700,0,0,111858824600,55873973800,2.37,13:01,5,32.14,,,,0.080,1.155,1.105,,99.717501,,,0.03108,5.625,1.125,,,,13001900,,,,,R_20210210_3.pdf,2021-02-15,,N,,,,,,,
2021-02-11,8-WEEK,56-DAY,BILL,912796D89,2021-02-09,2021-02-16,2021-04-13,35.0,Y,Y,Y,,SINGLE PRICE,11:30,11:00,12250000000.0,12250000000,12250000000,3,0.005,2,100,100,100,100,119997000000.0,55001000000,N,6146000000.0,Y,,,,,NONE,,,,,,Y,2020-11-10,,,,,,,N,,,,,,,,,,,A_20210209_4.pdf,,,19300000000.0,5000000.0,,,89530000000,16024565000,10750000000,4280650000,17790000000,14096950000,118070000000,34402165000,222103800,3309305900,3309305900,376000000,376000000,121977409700,38309574700,3.39,11:31,5,86.13,0.000,0.035,0.030,,,,,99.994556,,,,,,,,,133360800,0.035,,,,R_20210211_1.pdf,2021-02-16,,N,,,,,,,
2021-02-11,4-WEEK,28-DAY,BILL,912796C80,2021-02-09,2021-02-16,2021-03-16,30.0,Y,Y,Y,,SINGLE PRICE,11:30,11:00,10500000000.0,10500000000,10500000000,3,0.005,2,100,100,100,100,119997000000.0,93315000000,N,6146000000.0,Y,,,,,NONE,,,,,,Y,2020-10-13,,,,,,,N,,,,,,,,,,,A_20210209_2.pdf,,,31600000000.0,5000000.0,,,84610000000,11882330000,10000000000,3353050000,27006021600,13404161800,121616021600,28639541800,802258400,2836548000,2836548000,559000000,559000000,125813828000,32837348200,4.10,11:31,5,50.61,0.000,0.030,0.020,,,,,99.997667,,,,,,,,,619116700,0.030,,,,R_20210211_2.pdf,2021-02-16,,N,,,,,,,
2021-02-11,30-YEAR,0-MONTH,BOND,912810SU3,2021-02-03,2021-02-16,2051-02-15,27.0,Y,Y,Y,,SINGLE PRICE,13:00,12:00,9450000000.0,9450000000,9450000000,3,0.001,2,100,100,100,100,62864000000.0,,N,45710000000.0,Y,Bonds of February 2051,,2021-08-15,,SEMI-ANNUAL,Y,100,912803FV0,912834WR5,,N,,Y,2021-02-15,N,,N,,N,,,,,,2021-02-15,,,,,,,,0.0,5000000.0,,,35006000000,5992955200,7108300000,4679620000,16635840000,16316740000,58750140000,26989315200,10704800,9795027400,9795027400,0,0,68555872200,36795047400,2.18,13:01,5,48.16,,,,1.820,1.933,1.870,,98.684360,,,0.05180,9.375,1.875,,,,5152800,,,,,R_20210211_3.pdf,2021-02-15,,N,,,,,,,
2021-02-16,13-WEEK,91-DAY,BILL,9127962Y4,2021-02-11,2021-02-18,2021-05-20,54.0,Y,Y,Y,,SINGLE PRICE,11:30,11:00,18900000000.0,18900000000,18900000000,3,0.005,2,100,100,100,100,165007000000.0,123044000000,N,13840000000.0,Y,,,,,NONE,,,,,,Y,2020-05-21,,,,,,,N,,,,,,,,,,,A_20210211_1.pdf,,,39200000000.0,5000000.0,,,103890000000,23210275000,9000000000,2316625000,33105888000,27342010500,145995888000,52868910500,631916500,7117584600,7117584600,500000000,500000000,154245389100,61118411600,2.72,11:31,5,95.55,0.010,0.040,0.035,,,,,99.989889,,,,,,,,,315620700,0.041,,,,R_20210216_1.pdf,2021-02-18,,N,,,,,,,
2021-02-16,26-WEEK,182-DAY,BILL,912796D48,2021-02-11,2021-02-18,2021-08-19,51.0,Y,Y,Y,,SINGLE PRICE,11:30,11:00,17850000000.0,17850000000,17850000000,3,0.005,2,100,100,100,100,165007000000.0,,N,13840000000.0,Y,,,,,NONE,,,,,,N,,,,,,,,N,,,,,,,,,,,A_20210211_4.pdf,,,0.0,5000000.0,,,109420000000,23865849000,8070000000,1728895000,35763577000,24516843400,153253577000,50111587400,477471900,6722163200,6722163200,413000000,413000000,160866212100,57724222500,3.02,11:32,5,10.19,0.020,0.060,0.050,,,,,99.969667,,,,,,,,,237358900,0.061,,,,R_20210216_2.pdf,2021-02-18,,N,,,,,,,
2021-02-16,0-WEEK,42-DAY,BILL,9127964P1,2021-02-11,2021-02-18,2021-04-01,30.0,Y,Y,N,,SINGLE PRICE,13:00,12:00,10500000000.0,10500000000,10500000000,3,0.005,2,100,100,100,100,165007000000.0,148345000000,N,13840000000.0,Y,,,,,NONE,,,,,,Y,2020-10-01,,,,,,,N,,,,,,,,,,,A_20210211_2.pdf,,,47300000000.0,5000000.0,,,72621000000,16741997000,6750000000,2226200000,13716500000,11017945000,93087500000,29986142000,14003000,0,0,0,0,93101503000,30000145000,3.10,13:01,5,23.81,0.010,0.040,0.030,,,,,99.995333,,,,,,,,,0,0.041,,,,R_20210216_3.pdf,2021-02-18,,N,,,,,,,
2021-02-16,0-WEEK,119-DAY,BILL,9127963H0,2021-02-11,2021-02-18,2021-06-17,30.0,Y,Y,N,,SINGLE PRICE,13:00,12:00,10500000000.0,10500000000,10500000000,3,0.005,2,100,100,100,100,165007000000.0,94268000000,N,13840000000.0,Y,,,,,NONE,,,,,,Y,2020-06-18,,,,,,,N,,,,,,,,,,,A_20210211_3.pdf,,,29800000000.0,5000000.0,,,72810000000,17506590000,6410000000,2826470000,17916000000,9658072000,97136000000,29991132000,9156000,0,0,0,0,97145156000,30000288000,3.24,13:01,5,32.70,0.015,0.050,0.045,,,,,99.983472,,,,,,,,,0,0.051,,,,R_20210216_4.pdf,2021-02-18,,N,,,,,,,
2021-02-17,20-YEAR,0-MONTH,BOND,912810SW9,2021-02-11,2021-03-01,2041-02-15,27.0,Y,Y,Y,,SINGLE PRICE,13:00,12:00,9450000000.0,9450000000,9450000000,3,0.001,2,100,100,100,100,70907000000.0,,N,45493000000.0,Y,Bonds of February 2041,,2021-08-15,,SEMI-ANNUAL,Y,100,912803FW8,,,N,,Y,2021-02-15,N,,N,,N,,,,,,2021-02-15,,,,,A_20210211_5.pdf,,,0.0,5000000.0,,,36206000000,7851713000,6816000000,4323538000,14975650000,14821284500,57997650000,26996535500,3471300,5849038000,5849038000,0,0,63850159300,32849044800,2.15,13:02,5,12.69,,,,0.880,1.920,1.850,,99.256119,,,0.72514,9.375,1.875,,,,1887300,,,,,R_20210217_1.pdf,2021-02-28,,N,,,,,,,
2021-02-18,4-WEEK,28-DAY,BILL,912796C98,2021-02-16,2021-02-23,2021-03-23,30.0,Y,Y,Y,,SINGLE PRICE,11:30,11:00,10500000000.0,10500000000,10500000000,3,0.005,2,100,100,100,100,119998000000.0,93428000000,N,6358000000.0,Y,,,,,NONE,,,,,,Y,2020-10-20,,,,,,,N,,,,,,,,,,,A_20210216_1.pdf,,,31600000000.0,5000000.0,,,80960000000,15671418000,11700000000,5669050000,15562614800,7371123800,108222614800,28711591800,848717800,2934322900,2934322900,440000000,440000000,112445655500,32934632500,3.65,11:31,5,62.54,0.000,0.025,0.020,,,,,99.998056,,,,,,,,,704249800,0.025,,,,R_20210218_1.pdf,2021-02-23,,N,,,,,,,
2021-02-18,8-WEEK,56-DAY,BILL,912796D97,2021-02-16,2021-02-23,2021-04-20,35.0,Y,Y,Y,,SINGLE PRICE,11:30,11:00,12250000000.0,12250000000,12250000000,3,0.005,2,100,100,100,100,119998000000.0,55002000000,N,6358000000.0,Y,,,,,NONE,,,,,,Y,2020-11-17,,,,,,,N,,,,,,,,,,,A_20210216_2.pdf,,,19300000000.0,5000000.0,,,91080000000,15563856000,11300000000,5364200000,29241680000,13458238000,131621680000,34386294000,213906000,3423376600,3423376600,400000000,400000000,135658962600,38423576600,3.78,11:32,5,32.84,0.000,0.030,0.020,,,,,99.995333,,,,,,,,,147511000,0.030,,,,R_20210218_2.pdf,2021-02-23,,N,,,,,,,
2021-02-18,30-YEAR,0-MONTH,BOND,912810SV1,2021-02-11,2021-02-26,2051-02-15,9.0,Y,Y,Y,,SINGLE PRICE,13:00,12:00,3150000000.0,3150000000,3150000000,3,0.001,2,100,100,100,100,0.0,,N,0.0,Y,TIPS of February 2051,,2021-08-15,,SEMI-ANNUAL,Y,100,912803FX6,912834WS3,912834WT1,N,,Y,2021-02-15,N,,N,,Y,260.35150,1.00037,1982-1984=100,,,2021-02-15,,,,,A_20210211_6.pdf,,0.0,0.0,5000000.0,,,11682000000,1545315000,1674000000,1314000000,7453003000,6117611000,20809003000,8976926000,23093900,0,0,0,0,20832096900,9000019900,2.31,13:01,5,24.42,,,,-0.180,-0.040,-0.130,,105.014087,,0.240060073,,,0.125,,104.975246,0.03798,13607900,,105.014087,0.03799,1.00037,R_20210218_3.pdf,2021-02-26,,N,260.44775,,,,,,
2021-02-22,13-WEEK,91-DAY,BILL,912796A33,2021-02-18,2021-02-25,2021-05-27,54.0,Y,Y,Y,,SINGLE PRICE,11:30,11:00,18900000000.0,18900000000,18900000000,3,0.005,2,100,100,100,100,209918000000.0,85320000000,N,15421000000.0,Y,,,,,NONE,,,,,,Y,2020-11-27,,,,,,,N,,,,,,,,,,,A_20210218_6.pdf,,,28400000000.0,5000000.0,,,114090000000,26950078000,11025000000,3819245000,28627140400,21574506700,153742140400,52343829700,658220800,5990731900,5990731900,1000000000,1000000000,161391093100,59992782400,2.88,11:32,5,38.63,0.000,0.030,0.020,,,,,99.992417,,,,,,,,,344800400,0.030,,,,R_20210222_1.pdf,2021-02-25,,N,,,,,,,
2021-02-22,26-WEEK,182-DAY,BILL,912796D55,2021-02-18,2021-02-25,2021-08-26,51.0,Y,Y,Y,,SINGLE PRICE,11:30,11:00,17850000000.0,17850000000,17850000000,3,0.005,2,100,100,100,100,209918000000.0,,N,15421000000.0,Y,,,,,NONE,,,,,,N,,,,,,,,N,,,,,,,,,,,A_20210218_3.pdf,,,0.0,5000000.0,,,115370000000,29238367500,9175000000,3279750000,17356114400,16934276900,141901114400,49452394400,548555900,5657913400,5657913400,1000000000,1000000000,149107583700,56658863700,2.81,11:32,5,73.65,0.010,0.045,0.035,,,,,99.977250,,,,,,,,,223397900,0.046,,,,R_20210222_2.pdf,2021-02-25,,N,,,,,,,
2021-02-23,52-WEEK,364-DAY,BILL,912796D30,2021-02-18,2021-02-25,2022-02-24,34.0,Y,Y,Y,,SINGLE PRICE,11:30,11:00,11900000000.0,11900000000,11900000000,3,0.005,2,100,100,100,100,209918000000.0,,N,15421000000.0,Y,,,,,NONE,,,,,,N,,,,,,,,N,,,,,,,,,,,A_20210218_1.pdf,,,0.0,5000000.0,,,83740000000,17582722500,8415000000,1165000000,21890610000,15013916000,114045610000,33761638500,233772600,3771942200,3771942200,5000000,5000000,118056324800,37772353300,3.36,11:31,5,94.97,0.035,0.070,0.065,,,,,99.929222,,,,,,,,,125277600,0.071,,,,R_20210223_1.pdf,2021-02-25,,N,,,,,,,
2021-02-23,0-WEEK,42-DAY,BILL,9127964X4,2021-02-18,2021-02-25,2021-04-08,30.0,Y,Y,N,,SINGLE PRICE,11:30,11:00,10500000000.0,10500000000,10500000000,3,0.005,2,100,100,100,100,209918000000.0,149684000000,N,15421000000.0,Y,,,,,NONE,,,,,,Y,2020-10-08,,,,,,,N,,,,,,,,,,,A_20210218_2.pdf,,,47300000000.0,5000000.0,,,74410000000,16101402000,8450000000,2651550000,14343800000,11242260000,97203800000,29995212000,5585000,0,0,0,0,97209385000,30000797000,3.24,11:32,5,48.66,0.000,0.025,0.020,,,,,99.997083,,,,,,,,,0,0.025,,,,R_20210223_2.pdf,2021-02-25,,N,,,,,,,
2021-02-23,2-YEAR,0-MONTH,NOTE,91282CBN0,2021-02-18,2021-03-01,2023-02-28,60.0,Y,Y,Y,,SINGLE PRICE,13:00,12:00,21000000000.0,21000000000,21000000000,3,0.001,2,100,100,100,100,70907000000.0,,N,45493000000.0,Y,AX-2023,,2021-08-31,,SEMI-ANNUAL,Y,100,912821GE9,,,N,,Y,2021-02-28,N,,N,,N,,,,,,2021-02-28,,,,,A_20210218_8.pdf,,,0.0,5000000.0,,,84567000000,18313622500,12573000000,7168925000,48854945000,34199765800,145994945000,59682313300,117816600,12997862400,12997862400,200000000,200000000,159310624000,72997992300,2.44,13:02,5,58.77,,,,0.030,0.119,0.098,,100.011965,,,0.00340,0.625,0.125,,,,74190600,,,,,R_20210223_3.pdf,2021-02-28,,N,,,,,,,
2021-02-24,0-WEEK,119-DAY,BILL,912796H36,2021-02-23,2021-03-02,2021-06-29,30.0,Y,Y,N,,SINGLE PRICE,11:30,11:00,10500000000.0,10500000000,10500000000,3,0.005,2,100,100,100,100,120001000000.0,30000000000,N,5238000000.0,Y,,,,,NONE,,,,,,Y,2021-01-26,,,,,,,N,,,,,,,,,,,A_20210223_1.pdf,,,10500000000.0,5000000.0,,,76560000000,17919844000,6885000000,1471650000,11467000000,10607076000,94912000000,29998570000,1716000,0,0,0,0,94913716000,30000286000,3.16,11:31,5,78.22,0.020,0.045,0.040,,,,,99.985125,,,,,,,,,0,0.046,,,,R_20210224_1.pdf,2021-03-02,,N,,,,,,,
2021-02-24,1-YEAR,11-MONTH,NOTE,91282CBK6,2021-02-18,2021-02-26,2023-01-31,26.0,Y,Y,Y,,SINGLE PRICE,11:30,11:00,9100000000.0,9100000000,9100000000,3,0.001,2,100,100,100,100,0.0,31784000000,N,0.0,Y,AW-2023,,2021-04-30,,QUARTERLY,N,,,,,Y,2021-02-01,Y,2021-01-31,N,,N,,N,,,,,,2021-01-31,,,,,A_20210218_5.pdf,2021-01-31,,9800000000.0,5000000.0,,,55077000000,10201752000,3025000000,275000000,16874000000,15510608000,74976000000,25987360000,13084500,0,0,0,0,74989084500,26000444500,2.88,11:32,5,65.92,,,,,,,,100.007815,,,0.006942115,,,,,,2967500,,,,,R_20210224_2.pdf,2021-02-26,0.049,Y,,0.010,0.045,0.038,0.049,2021-02-22,0.030
2021-02-24,5-YEAR,0-MONTH,NOTE,91282CBQ3,2021-02-18,2021-03-01,2026-02-28,61.0,Y,Y,Y,,SINGLE PRICE,13:00,12:00,21350000000.0,21350000000,21350000000,3,0.001,2,100,100,100,100,70907000000.0,,N,45493000000.0,Y,V-2026,,2021-08-31,,SEMI-ANNUAL,Y,100,912821GF6,,,N,,Y,2021-02-28,N,,N,,N,,,,,,2021-02-28,,,,,A_20210218_7.pdf,,,0.0,5000000.0,,,84402000000,17417705000,13271000000,8770000000,38648275000,34787275000,136321275000,60974980000,23028100,13214493400,13214493400,2000000,2000000,149560796500,74214501500,2.24,13:01,5,93.49,,,,0.470,0.621,0.570,,99.405518,,,0.01359,2.500,0.500,,,,9986100,,,,,R_20210224_3.pdf,2021-02-28,,N,,,,,,,
2021-02-25,8-WEEK,56-DAY,BILL,912796F20,2021-02-23,2021-03-02,2021-04-27,35.0,Y,Y,Y,,SINGLE PRICE,11:30,11:00,12250000000.0,12250000000,12250000000,3,0.005,2,100,100,100,100,120001000000.0,55003000000,N,5238000000.0,Y,,,,,NONE,,,,,,Y,2020-11-24,,,,,,,N,,,,,,,,,,,A_20210223_2.pdf,,,19300000000.0,5000000.0,,,84480000000,20175160000,6600000000,1850000000,14614425000,11824649000,105694425000,33849809000,151785100,2820255400,2820255400,1000000000,1000000000,109666465500,37821849500,3.05,11:31,5,76.96,0.010,0.040,0.035,,,,,99.993778,,,,,,,,,91139100,0.041,,,,R_20210225_1.pdf,2021-03-02,,N,,,,,,,
2021-02-25,4-WEEK,28-DAY,BILL,912796D22,2021-02-23,2021-03-02,2021-03-30,30.0,Y,Y,Y,,SINGLE PRICE,11:30,11:00,10500000000.0,10500000000,10500000000,3,0.005,2,100,100,100,100,120001000000.0,92826000000,N,5238000000.0,Y,,,,,NONE,,,,,,Y,2020-10-27,,,,,,,N,,,,,,,,,,,A_20210223_3.pdf,,,31600000000.0,5000000.0,,,75460000000,13962950000,7350000000,2600000000,14238065400,11532590400,97048065400,28095540400,905048200,2417361800,2417361800,1000000000,1000000000,101370475400,32417950400,3.30,11:32,5,18.35,0.000,0.035,0.025,,,,,99.997278,,,,,,,,,753562900,0.035,,,,R_20210225_2.pdf,2021-03-02,,N,,,,,,,
2021-02-25,7-YEAR,0-MONTH,NOTE,91282CBP5,2021-02-18,2021-03-01,2028-02-29,62.0,Y,Y,Y,,SINGLE PRICE,13:00,12:00,21700000000.0,21700000000,21700000000,3,0.001,2,100,100,100,100,70907000000.0,,N,45493000000.0,Y,H-2028,,2021-08-31,,SEMI-ANNUAL,Y,100,912821GG4,912834WU8,,N,,Y,2021-02-28,N,,N,,N,,,,,,2021-02-28,,,,,A_20210218_4.pdf,,,0.0,5000000.0,,,84625000000,24678990000,18547900000,13717900000,23592880000,23592880000,126765780000,61989770000,10255400,13431124300,13431124300,0,0,140207159700,75431149700,2.04,13:01,5,25.19,,,,0.950,1.195,1.099,,99.531432,,,0.03057,5.625,1.125,,,,2683400,,,,,R_20210225_3.pdf,2021-02-28,,N,,,,,,,
